<?xml version='1.0' encoding='UTF-8' ?>
<timeLogEntries>
  <time id="27" path="/Non Project/PSP Fundamentals &amp; Advanced/Program 3/Design" start="@1488973534054" delta="15" flag="A" />
  <time id="28" path="/Non Project/PSP Fundamentals &amp; Advanced/Program 3/Design" start="@1488974854976" delta="2" flag="A" />
  <time id="29" path="/Non Project/PSP Fundamentals &amp; Advanced/Program 3/Design" start="@1488975479169" delta="25" flag="A" />
  <time id="30" path="/Non Project/PSP Fundamentals &amp; Advanced/Program 3/Design Review" start="@1488976978330" delta="5" flag="A" />
  <time id="31" path="/Non Project/PSP Fundamentals &amp; Advanced/Program 3/Code" start="@1488977256062" delta="96" interrupt="10" flag="A" />
  <time id="32" path="/Non Project/PSP Fundamentals &amp; Advanced/Program 3/Code" start="@1488985889574" delta="23" interrupt="1" flag="A" />
  <time id="33" path="/Non Project/PSP Fundamentals &amp; Advanced/Program 3/Code" start="@1488987773190" delta="5" flag="A" />
  <time id="34" path="/Non Project/PSP Fundamentals &amp; Advanced/Program 3/Code Review" start="@1488988055713" delta="26" interrupt="28" flag="A" />
  <time id="35" path="/Non Project/PSP Fundamentals &amp; Advanced/Program 3/Test" start="@1488991362445" delta="1" flag="A" />
  <time id="36" path="/Non Project/PSP Fundamentals &amp; Advanced/Program 3/Postmortem" start="@1488991363496" flag="A" />
  <time id="37" path="/Non Project/PSP Fundamentals &amp; Advanced/Program 3/Test" start="@1488991418305" delta="15" flag="A" />
  <time id="38" path="/Non Project/PSP Fundamentals &amp; Advanced/Program 3/Test" start="@1488992919239" delta="29" interrupt="4" flag="A" />
  <time id="39" path="/Non Project/PSP Fundamentals &amp; Advanced/Program 3/Postmortem" start="@1488994927121" delta="52" interrupt="1" flag="A" />
</timeLogEntries>
