<?xml version='1.0' encoding='UTF-8' ?>
<timeLogEntries>
  <time id="1" path="/Non Project/PSP Fundamentals &amp; Advanced/Program 1/Planning" start="@1486405952684" delta="45" interrupt="1" />
  <time id="2" path="/Non Project/PSP Fundamentals &amp; Advanced/Program 1/Design" start="@1486408773685" delta="76" interrupt="3" />
  <time id="3" path="/Non Project/PSP Fundamentals &amp; Advanced/Program 1/Code" start="@1486413507666" delta="86" interrupt="8" />
  <time id="4" path="/Non Project/PSP Fundamentals &amp; Advanced/Program 1/Test" start="@1486419228143" delta="6" />
  <time id="5" path="/Non Project/PSP Fundamentals &amp; Advanced/Program 1/Test" start="@1486420005084" delta="26" />
  <time id="6" path="/Non Project/PSP Fundamentals &amp; Advanced/Program 1/Postmortem" start="@1486421557121" delta="13" />
  <time id="7" path="/Non Project/PSP Fundamentals &amp; Advanced/Program 2/Planning" start="@1487679373605" delta="95" interrupt="10" />
  <time id="8" path="/Non Project/PSP Fundamentals &amp; Advanced/Program 2/Design" start="@1487685700057" delta="13" />
  <time id="9" path="/Non Project/PSP Fundamentals &amp; Advanced/Program 2/Design" start="@1487691127391" delta="39" />
  <time id="10" path="/Non Project/PSP Fundamentals &amp; Advanced/Program 2/Code" start="@1487693453427" delta="50" />
  <time id="11" path="/Non Project/PSP Fundamentals &amp; Advanced/Program 2/Code" start="@1487700449917" delta="3" />
  <time id="12" path="/Non Project/PSP Fundamentals &amp; Advanced/Program 2/Code" start="@1487701243850" delta="124" interrupt="12" />
  <time id="13" path="/Non Project/PSP Fundamentals &amp; Advanced/Program 2/Code" start="@1487710934418" delta="1" />
  <time id="14" path="/Non Project/PSP Fundamentals &amp; Advanced/Program 2/Compile" start="@1487710975640" delta="1" />
  <time id="15" path="/Non Project/PSP Fundamentals &amp; Advanced/Program 2/Test" start="@1487711036113" delta="29" />
  <time id="16" path="/Non Project/PSP Fundamentals &amp; Advanced/Program 2/Test" start="@1487737721909" delta="104" interrupt="1" />
  <time id="17" path="/Non Project/PSP Fundamentals &amp; Advanced/Program 2/Postmortem" start="@1487744048196" delta="11" />
  <time id="18" path="/Non Project/PSP Fundamentals &amp; Advanced/Program 2/Postmortem" start="@1487774431292" delta="23" interrupt="4" />
  <time id="19" path="/Non Project/PSP Fundamentals &amp; Advanced/Program 2/Postmortem" start="@1487778692776" delta="51" />
  <time id="20" path="/Non Project/PSP Fundamentals &amp; Advanced/Program 2/Postmortem" start="@1487782813380" delta="7" />
  <time id="21" path="/Non Project/PSP Fundamentals &amp; Advanced/Program 3/Planning" start="@1488912225511" delta="89" interrupt="18" />
  <time id="22" path="/Non Project/PSP Fundamentals &amp; Advanced/Program 3/Planning" start="@1488919695635" delta="22" />
  <time id="23" path="/Non Project/PSP Fundamentals &amp; Advanced/Program 3/Planning" start="@1488943647578" delta="24" />
  <time id="24" path="/Non Project/PSP Fundamentals &amp; Advanced/Program 3/Planning" start="@1488947632863" delta="23" />
  <time id="25" path="/Non Project/PSP Fundamentals &amp; Advanced/Program 3/Planning" start="@1488971465700" delta="13" />
  <time id="26" path="/Non Project/PSP Fundamentals &amp; Advanced/Program 3/Design" start="@1488972235409" delta="2" />
</timeLogEntries>
